PKD;pkd_2025;pkd_name;year;revenue;net_profit;investments;firms;profitable_firms;profit_margin;profitable_share;bank_debt;total_liab;leverage_bank_to_rev;leverage_tot_to_rev;invest_intensity;cagr_revenue;cagr_net_profit;cagr_investments;cagr_firms;profit_margin_std_3y;size_index;growth_index;profit_index;risk_index;outlook_index;current_index;future_index;main_index;class
SEK_C;;PRZETWÓRSTWO PRZEMYSŁOWE;2018;1353033.94;62161.14;57975.37;14142.0;11668.0;0.04594204044874144;0.8250601046528072;157771.34999999998;418331.93000000005;0.11660561153403143;0.3091806625338608;0.04284842256063437;0.06289331056656122;0.07064820391126214;0.037728724107405354;-0.019485793213006808;0.0035810196655604873;65.0920665189649;8.24727659988358;74.77068087551146;97.05516593827116;10.6038901562002;62.88945245412309;35.832288823926504;52.06658700204446;Gwiazdy wzrostu
SEK_G;;"HANDEL HURTOWY I DETALICZNY; NAPRAWA POJAZDÓW SAMOCHODOWYCH, WŁĄCZAJĄC MOTOCYKLE";2018;1259030.18;32608.46;19737.79;14235.0;12130.0;0.02589966508983923;0.8521250439058659;79268.68;289267.08;0.06296011109122102;0.22975388882258568;0.015676979244453063;0.06922654092613034;0.14454286532432237;0.0878592492454966;-0.029604909471122265;0.0006616811499428586;63.035174934479386;8.42433831505584;71.3677814110272;98.761596259321;11.56627248308187;62.18354379621293;36.78228936554579;52.023042023946076;Gwiazdy wzrostu
SEK_F;;BUDOWNICTWO;2018;164891.08;8457.16;5315.45;4898.0;4311.0;0.05128937235416252;0.8801551653736219;19383.35;72097.39;0.11755244734888025;0.43724251184478874;0.03223612823689432;0.0335356916041194;-0.040891676858015535;-0.013941382389206836;-0.029779765284129178;0.005752088288695652;15.209684470021557;7.639060514171188;78.79437998611957;95.71236905366474;9.611951667954658;53.36400773517643;34.85020953753264;45.958488456118914;Branże ryzykowne / schyłkowe
SEK_H;;TRANSPORT I GOSPODARKA MAGAZYNOWA;2018;169895.12;6444.85;19712.49;3150.0;2433.0;0.03793428557571283;0.7723809523809524;32189.59;85845.63;0.1894674196645554;0.5052860258729033;0.11602740561353382;0.08734923883201784;0.10583391079349935;-0.027341872622068664;-0.006166544766017412;0.0022044340519241307;11.323557336162335;8.700821175135765;70.23644677039852;96.22254283550652;9.354695336884282;50.86579130426799;35.2188873379464;44.60702971773935;Branże ryzykowne / schyłkowe
SEK_J;;INFORMACJA I KOMUNIKACJA;2018;116769.94;5162.46;7208.65;2034.0;1603.0;0.04421052198879266;0.788102261553589;41510.590000000004;70050.32;0.3554903770610827;0.5999002825555961;0.06173378182775464;0.05029021702203962;-0.04919243916791882;0.04764283122654245;0.04177339404259728;0.008442212620502647;7.482423731196897;7.919961272020295;72.511891549465;92.60235476154268;10.794216538219676;49.38515438007351;34.47438142535676;43.42084519818681;Branże ryzykowne / schyłkowe
SEK_Q;;OPIEKA ZDROWOTNA I POMOC SPOŁECZNA;2018;27664.73;412.89;1632.2;1594.0;1239.0;0.014924779674336239;0.7772898368883312;5245.42;10582.6;0.1896067664495551;0.3825303915852423;0.058999310674638795;0.07084536195744207;-0.13312111280287842;0.059808398894525716;-0.006195945926980362;0.003174869526383855;4.322021686913133;8.196725932192129;65.02163105534997;96.42947470044827;11.02776540466181;48.09783599440263;35.798966351656844;43.178288137304314;Branże ryzykowne / schyłkowe
SEK_A;;ROLNICTWO, LEŚNICTWO, ŁOWIECTWO I RYBACTWO;2018;28818.33;1496.97;1038.55;1440.0;1248.0;0.051945064131058254;0.8666666666666667;4542.95;9783.91;0.15764098752425973;0.33950301769741686;0.03603782731338006;-0.015882811434023925;-0.08861055886919367;-0.20991676569237694;0.07411831366588384;0.01275583586948892;3.9968630421066145;6.744089734000452;78.2755536784864;93.44308894027577;5.849708107263857;50.08721014362577;32.39603684518841;43.010740824250824;Branże ryzykowne / schyłkowe
SEK_S;;POZOSTAŁA DZIAŁALNOŚĆ USŁUGOWA;2018;4633.99;292.96;184.2;200.0;139.0;0.06321981704751196;0.695;592.6400000000001;1515.28;0.1278897882818047;0.3269925053787341;0.03974976208407873;-0.006067202429670959;-0.0010559310257954868;0.010608420260692641;-0.008197089991406448;0.008347448368015882;0.5703684790502539;6.993692499672983;72.36777026576803;95.22996992147652;10.083247273448801;48.52343036361326;34.70039763572437;42.9942172724577;Branże ryzykowne / schyłkowe
SEK_E;;"DOSTAWA WODY; GOSPODAROWANIE ŚCIEKAMI I ODPADAMI ORAZ DZIAŁALNOŚĆ ZWIĄZANA Z REKULTYWACJĄ";2018;35262.08;1621.33;4912.47;1456.0;1119.0;0.04597942038586492;0.7685439560439561;9582.34;17575.93;0.27174630651396625;0.49843713133201445;0.13931310915294845;0.05132656345127429;-0.03293737267310293;-0.1295950597331691;0.011236895588392803;0.007030453205471762;4.189148861203821;7.952765758224681;71.95374387340948;94.05842015042637;7.391686573820791;49.031983225277216;33.56003040212363;42.84320209601578;Branże ryzykowne / schyłkowe
SEK_N;;DZIAŁALNOŚĆ W ZAKRESIE USŁUG ADMINISTROWANIA I DZIAŁALNOŚĆ WSPIERAJĄCA;2018;64724.9;2153.73;11278.49;2000.0;1585.0;0.033275138316165805;0.7925;45216.87;64419.81;0.69860084758725;0.9952863581094756;0.17425272190455296;0.12080101584055436;0.19282135145463708;0.093757676605845;-0.001163951833389687;0.0031525112020778876;6.14766028048606;9.356953158555672;70.13676240943857;90.62474845748046;11.679507727124454;48.29038548533991;34.666313575660624;42.840756721468196;Branże ryzykowne / schyłkowe
SEK_I;;DZIAŁALNOŚĆ ZWIĄZANA Z ZAKWATEROWANIEM I USŁUGAMI GASTRONOMICZNYMI;2018;19364.38;1091.95;1370.71;1121.0;839.0;0.05638961846441766;0.7484388938447815;8508.470000000001;12552.779999999999;0.43938767985342164;0.6482407389237351;0.07078512196104393;0.10045390336190874;0.04300259241109017;-0.018504870472914492;0.008467291399208099;0.008688160572816298;3.037312742328891;8.86868973501739;73.41887790621561;91.79334792857102;9.524343962497804;48.71735883734533;34.008348884075644;42.83375485603745;Branże ryzykowne / schyłkowe
SEK_M;;DZIAŁALNOŚĆ PROFESJONALNA, NAUKOWA I TECHNICZNA;2018;74797.42;3957.33;1586.46;3034.0;2399.0;0.05290730616109486;0.7907053394858273;18502.15;43513.96;0.24736347857987617;0.5817574991222959;0.021210089866736045;0.051876560806806804;0.11074720112881886;-0.14177019611637987;0.04838686817709226;0.028068258869023824;8.7611543485321;8.094448119778077;74.70583171032857;86.42899313431087;7.157954011668298;48.38099876752634;31.220213980894002;41.516684852873404;Branże ryzykowne / schyłkowe
SEK_R;;DZIAŁALNOŚĆ ZWIĄZANA Z KULTURĄ, ROZRYWKĄ I REKREACJĄ;2018;17545.12;281.6;483.75;245.0;120.0;0.016050046964626065;0.4897959183673469;2333.44;4586.31;0.13299652552960597;0.26140089095999347;0.027571769244097506;0.14955876882959984;0.33068767586880576;0.19429351581299126;0.036528229638562726;0.006161308652763626;0.9853108631653335;9.979062761853209;50.91396615264246;96.26201613644562;13.609547649998854;44.29892424219067;37.31614272948919;41.50581163711008;Trudna teraźniejszość, dobra przyszłość
SEK_L;;DZIAŁALNOŚĆ ZWIĄZANA Z OBSŁUGĄ RYNKU NIERUCHOMOŚCI;2018;36262.27;2350.18;3157.06;1968.0;1696.0;0.06481061444857147;0.8617886178861789;21968.17;41433.16;0.6058134253591957;1.1425969747619222;0.08706184141257567;0.025341177705342277;0.0001546459059096339;-0.05068275681467649;-0.011905893630824282;0.027823698248625937;5.386968110700295;7.535706946132596;81.08470458668492;81.84299248849676;8.906607981348296;47.785394251893464;30.376253022928125;40.82173776030733;Branże ryzykowne / schyłkowe
SEK_P;;EDUKACJA;2018;1966.22;117.87;77.39;365.0;250.0;0.0599475135030668;0.684931506849315;332.40999999999997;723.33;0.16906043067408527;0.3678784673129151;0.03935978679903571;0.04872032325273934;0.3324087174478283;0.11135615317319125;0.03312996225798703;0.03321390952019179;0.8841772293878964;8.24405347490897;71.08781315972297;86.04755212917347;12.017355032370139;45.8240677432876;33.09442369417279;40.73221012364168;Branże ryzykowne / schyłkowe
SEK_D;;WYTWARZANIE I ZAOPATRYWANIE W ENERGIĘ ELEKTRYCZNĄ, GAZ, PARĘ WODNĄ, GORĄCĄ WODĘ I POWIETRZE DO UKŁADÓW KLIMATYZACYJNYCH;2018;197489.4;7768.12;20094.97;454.0;306.0;0.039334364274740824;0.6740088105726872;36330.26;128155.63;0.18396055687039406;0.6489240941539142;0.10175214467206849;0.004404282684890237;1.737571652467231;-0.09904681935869997;0.0;0.027800415232907362;5.809841430586338;8.77381606794173;65.65008469500215;86.6052085926854;7.978137375457886;45.74950605465885;31.80496234837129;40.17168857214382;Branże ryzykowne / schyłkowe
SEK_K;;DZIAŁALNOŚĆ FINANSOWA I UBEZPIECZENIOWA;2018;43672.6;3216.1;4677.28;667.0;503.0;0.07364113883762359;0.7541229385307346;103771.17;146370.83000000002;2.376116146050384;3.3515483392332954;0.10709873009621593;0.021304437465334614;-0.10171525517082913;0.701001852858768;0.012290016345186228;0.011482357915903345;2.583615288717204;7.372453056236442;77.79694404219214;67.02949126115645;23.33709682514049;41.91791971069752;31.655422025274063;37.81292063652813;Branże ryzykowne / schyłkowe
SEK_B;;GÓRNICTWO I WYDOBYWANIE;2018;57470.43;3839.99;6441.86;279.0;225.0;0.06681679604624499;0.8064516129032258;10719.86;28601.75;0.18652827201745315;0.49767767528448975;0.11208999132249402;0.040058312442199595;0.4892773963771338;0.016178030597366222;-0.04566747901147716;0.09486856027581869;2.0273975085882725;8.23922218975246;78.79393031491512;63.66365080640675;10.19017004237785;41.262862869806575;25.646929915798903;35.01648968820351;Branże ryzykowne / schyłkowe
SEK_O;;"ADMINISTRACJA PUBLICZNA I OBRONA NARODOWA; OBOWIĄZKOWE ZABEZPIECZENIA SPOŁECZNE";2018;0.0;0.0;0.0;0.0;0.0;;;0.0;0.0;;;;;;;;;0.0;;;;;0.0;;0.0;Brak danych
SEK_T;;"GOSPODARSTWA DOMOWE ZATRUDNIAJĄCE PRACOWNIKÓW; GOSPODARSTWA DOMOWE PRODUKUJĄCE WYROBY I ŚWIADCZĄCE USŁUGI NA WŁASNE POTRZEBY";2018;0.0;0.0;0.0;0.0;0.0;;;0.0;0.0;;;;;;;;;0.0;;;;;0.0;;0.0;Brak danych
SEK_U;;ORGANIZACJE I ZESPOŁY EKSTERYTORIALNE;2018;0.0;0.0;0.0;0.0;0.0;;;0.0;0.0;;;;;;;;;0.0;;;;;0.0;;0.0;Brak danych
SEK_C;;PRZETWÓRSTWO PRZEMYSŁOWE;2019;1406845.83;60589.98;64999.22;14129.0;11651.0;0.04306796004790376;0.8246160379361597;168173.07;447249.30999999994;0.1195390897949351;0.31790925520246943;0.046202091667713156;0.06328161691450207;-0.006692170226291649;0.07064728333504533;-0.026298070975516508;0.0023257855960735234;66.00716168132006;43.777110229812905;73.12965166941214;97.24429820749906;19.27138671646097;71.60141227332;50.01497721777798;62.96683825110319;Stabilne, ale bez dynamiki
SEK_G;;"HANDEL HURTOWY I DETALICZNY; NAPRAWA POJAZDÓW SAMOCHODOWYCH, WŁĄCZAJĄC MOTOCYKLE";2019;1305991.18;33409.23;20016.87;13846.0;11796.0;0.025581512732727647;0.8519427993644374;82804.26999999999;305517.58;0.06340339143791154;0.23393540835398294;0.015326956495984912;0.06395554237984546;0.07805055818853557;0.09476825826538082;-0.04179537643672637;0.0002454814485693122;62.98446442349497;44.024341686757474;70.97365111055461;98.77834965067358;18.22106704262195;70.9798959792291;50.12923421827809;62.639631274848696;Gwiazdy wzrostu
SEK_F;;BUDOWNICTWO;2019;173662.09;9332.33;5973.91;4939.0;4324.0;0.05373844113012806;0.8754808665721806;15455.98;75032.54;0.08900031089111043;0.43206056082821526;0.03439962055046095;0.08389316457028162;0.0896810873927889;0.12003346592923037;-0.027442678970583834;0.006067117413175307;15.62983738919324;44.43444563060802;78.15173814529552;95.42223429875085;19.77387574125261;62.39918371143979;49.8665542753087;57.386131936987354;Stabilne, ale bez dynamiki
SEK_H;;TRANSPORT I GOSPODARKA MAGAZYNOWA;2019;185054.12;7266.02;22245.01;3224.0;2526.0;0.03926429738500283;0.783498759305211;37441.47;97840.89;0.20232713543475822;0.5287150051022912;0.1202081315455176;0.08650082957597949;0.06476333056158246;0.22166366922144487;-0.027193873256660672;0.0007879540723733726;11.880201723375345;44.414935271349634;70.07803862977211;96.43194009114634;26.489059644808382;59.928865847299406;52.84968646667214;57.09719409504849;Trudna teraźniejszość, dobra przyszłość
SEK_E;;"DOSTAWA WODY; GOSPODAROWANIE ŚCIEKAMI I ODPADAMI ORAZ DZIAŁALNOŚĆ ZWIĄZANA Z REKULTYWACJĄ";2019;38352.04;2050.7;6044.32;1452.0;1127.0;0.05347042817018338;0.7761707988980716;9402.69;18394.03;0.24516792327083514;0.47961021108655494;0.15760100375364647;0.07041055140246355;0.02990323932344041;0.17898810941809606;0.0013812172250866617;0.004318706599966423;4.2977339346062635;44.01349030901127;72.64576579432475;94.99042266876307;27.458103775228725;58.52148761338418;52.6844154034238;56.18665872940003;Trudna teraźniejszość, dobra przyszłość
SEK_N;;DZIAŁALNOŚĆ W ZAKRESIE USŁUG ADMINISTROWANIA I DZIAŁALNOŚĆ WSPIERAJĄCA;2019;69827.9;2909.19;13567.38;2105.0;1646.0;0.04166228685095786;0.7819477434679335;49212.12;69764.06;0.7047629958798705;0.9990857522566196;0.19429740834251066;0.12262055458452914;0.14375575354727732;0.09154023972902237;0.002067107170270255;0.00419485637417281;6.5634608339951015;45.31814718748136;70.4942350569323;90.02450460853842;27.383538711418122;57.27313911046396;51.55621102337318;54.98636787562765;Trudna teraźniejszość, dobra przyszłość
SEK_Q;;OPIEKA ZDROWOTNA I POMOC SPOŁECZNA;2019;31122.55;691.48;1815.27;1635.0;1302.0;0.022217973784281815;0.7963302752293578;5773.92;12160.46;0.18552207322343447;0.3907282661607098;0.05832651887457808;0.08233143784927832;0.1880106180312573;0.15415668184330178;-0.006042443591762092;0.003931479573841288;4.557117660054862;44.676889856415464;67.21857761253695;95.89147082963564;21.77653291176332;57.65273164813976;50.88112137052066;54.94408753709212;Trudna teraźniejszość, dobra przyszłość
SEK_A;;ROLNICTWO, LEŚNICTWO, ŁOWIECTWO I RYBACTWO;2019;30225.4;1831.53;1026.72;1401.0;1178.0;0.060595724126066154;0.8408279800142755;4540.6;9824.65;0.1502246454968338;0.3250461532353583;0.033968781223738975;0.037028693018508196;0.23188647651786076;-0.15874610233966513;0.07302134257698523;0.005241069143757083;3.988140951297782;43.939548540875705;77.68360882421099;95.86908298426681;13.477275866841778;59.96414242681127;47.33349980427947;54.91188537779855;Branże ryzykowne / schyłkowe
SEK_J;;INFORMACJA I KOMUNIKACJA;2019;124911.21;9243.6;8070.6;2118.0;1691.0;0.07400136464933772;0.7983947119924457;39758.229999999996;75572.37;0.3182919291230947;0.6050087097867356;0.0646106942683527;0.06082098302174832;0.21489699320796118;0.09256057002499984;0.019972524086545373;0.014923463079537052;7.882835269943504;44.34353658243137;78.15747822524222;89.77087309502406;20.71448872698063;59.133082684414305;48.52011839402888;54.88789696826013;Branże ryzykowne / schyłkowe
SEK_I;;DZIAŁALNOŚĆ ZWIĄZANA Z ZAKWATEROWANIEM I USŁUGAMI GASTRONOMICZNYMI;2019;21833.79;1624.46;1391.48;1141.0;877.0;0.07440119191400119;0.768624014022787;8494.68;13655.419999999998;0.3890611753616756;0.6254260025400994;0.06373057540628539;0.09970800254554724;0.1180432726793319;0.07629446181016553;-0.0105812915170439;0.00978052614824218;3.1829093254579326;44.81269181400895;76.60730654243606;91.31603243566015;20.302979298803624;58.38639118490089;48.959808994422175;54.6157583087094;Branże ryzykowne / schyłkowe
SEK_S;;POZOSTAŁA DZIAŁALNOŚĆ USŁUGOWA;2019;4996.5;290.88;228.92;197.0;147.0;0.05821675172620835;0.7461928934010152;645.78;2399.59;0.12924647253077154;0.4802541779245472;0.04581607124987491;0.032960728084181046;0.1129537968538028;0.112585732642702;-0.02872415388061833;0.004527145645731479;0.5782531222716891;43.53338864219629;71.99288239911348;95.58541177793106;20.19535758654096;57.6728419181611;49.81378316065459;54.529218415158496;Branże ryzykowne / schyłkowe
SEK_P;;EDUKACJA;2019;2304.15;111.22;41.08;401.0;270.0;0.048269426903630404;0.6733167082294265;339.32;797.53;0.1472647180088102;0.3461276392595968;0.017828700388429573;0.1225263765748299;4.470982142857143;-0.13904132050530815;0.06711234532459698;0.0219953247857463;0.9929824196533757;57.28845915020493;65.9140354983388;89.10793809190052;13.087912112430518;57.731601573636766;49.15408401760384;54.3005945512236;Branże ryzykowne / schyłkowe
SEK_M;;DZIAŁALNOŚĆ PROFESJONALNA, NAUKOWA I TECHNICZNA;2019;82622.19;6097.5;1943.6;3143.0;2508.0;0.07379978671589316;0.7979637289214127;18479.510000000002;47527.92;0.22366279567268796;0.5752440113243186;0.023523946775073377;0.06337621484284561;0.12784704381356216;0.06843690873202846;0.024367216275169357;0.026414367146638914;9.293642403900373;44.15113176918187;78.0916857174616;85.87485054935541;18.051415103427903;58.181888017247566;46.228360736932345;53.40047710512148;Branże ryzykowne / schyłkowe
SEK_R;;DZIAŁALNOŚĆ ZWIĄZANA Z KULTURĄ, ROZRYWKĄ I REKREACJĄ;2019;25524.83;361.98;615.29;251.0;130.0;0.01418148524397616;0.5179282868525896;3055.84;5585.9;0.11972028804893117;0.2188418101119576;0.024105547421863334;0.2664952876357174;0.1626048214840532;0.24608124660735764;0.019315101523823763;0.007313032816365775;1.1850669056434913;48.0975017405428;50.26034670190913;95.69497183753117;22.079588743150783;53.53496704300103;51.9695775706825;52.90881125407362;Trudna teraźniejszość, dobra przyszłość
SEK_L;;DZIAŁALNOŚĆ ZWIĄZANA Z OBSŁUGĄ RYNKU NIERUCHOMOŚCI;2019;36751.91;2640.16;3962.5;1952.0;1680.0;0.07183735484768002;0.860655737704918;21922.980000000003;44565.28;0.5965126710421309;1.2125976581897375;0.10781752567417584;0.028815559414437697;0.06142069223937452;0.11084230988962607;-0.019058534656019144;0.026205645648762613;5.431196775685457;43.31223909443156;81.12184344286158;80.92703282867502;23.35548008559509;56.47286983806289;46.61397361117001;52.529311347305736;Branże ryzykowne / schyłkowe
SEK_B;;GÓRNICTWO I WYDOBYWANIE;2019;57706.27;-1077.32;8147.52;282.0;232.0;-0.018669028512846176;0.8226950354609929;8284.0;31442.84;0.14355459120819974;0.5448773590807378;0.14118951025599127;0.06723993759134661;0.24894903433350332;0.1276292374709569;-0.03723415422005294;0.054107687140746256;2.010697891378829;44.5594219850791;60.117767015249775;75.43179938510929;25.455336647180037;49.20097664389077;46.179501069928534;47.99238641430587;Branże ryzykowne / schyłkowe
SEK_D;;WYTWARZANIE I ZAOPATRYWANIE W ENERGIĘ ELEKTRYCZNĄ, GAZ, PARĘ WODNĄ, GORĄCĄ WODĘ I POWIETRZE DO UKŁADÓW KLIMATYZACYJNYCH;2019;223096.54;-109.17;22868.41;444.0;300.0;-0.0004893397270975158;0.6756756756756757;52151.23;138228.53;0.2337608194192523;0.6195906489630004;0.10250454803109003;0.06384570317161042;-0.3363535085018332;0.007727232301874665;-0.01387040430275166;0.04790184826113;6.260147822571892;42.87573174863912;55.85019734112882;77.04484888810595;20.76055780954393;49.04696650338815;44.28039731484109;47.14033882796932;Branże ryzykowne / schyłkowe
SEK_K;;DZIAŁALNOŚĆ FINANSOWA I UBEZPIECZENIOWA;2019;47332.15;1797.66;5042.66;680.0;510.0;0.03797968188641336;0.75;121338.8;166249.91;2.5635598636444783;3.5124098524998337;0.10653773386588185;-0.010359603691982966;-0.26646846945376;0.2209059878063957;0.014114764502977772;0.0204421948098753;2.6999876321458185;41.66248978653812;67.97113600620534;61.42025366687983;25.766595387291225;46.37448007467897;41.23146119094187;44.31727252118413;Branże ryzykowne / schyłkowe
SEK_O;;"ADMINISTRACJA PUBLICZNA I OBRONA NARODOWA; OBOWIĄZKOWE ZABEZPIECZENIA SPOŁECZNE";2019;0.0;0.0;0.0;0.0;0.0;;;0.0;0.0;;;;;;;;;0.0;;;;;0.0;;0.0;Brak danych
SEK_T;;"GOSPODARSTWA DOMOWE ZATRUDNIAJĄCE PRACOWNIKÓW; GOSPODARSTWA DOMOWE PRODUKUJĄCE WYROBY I ŚWIADCZĄCE USŁUGI NA WŁASNE POTRZEBY";2019;0.0;0.0;0.0;0.0;0.0;;;0.0;0.0;;;;;;;;;0.0;;;;;0.0;;0.0;Brak danych
SEK_U;;ORGANIZACJE I ZESPOŁY EKSTERYTORIALNE;2019;0.0;0.0;0.0;0.0;0.0;;;0.0;0.0;;;;;;;;;0.0;;;;;0.0;;0.0;Brak danych
SEK_C;;PRZETWÓRSTWO PRZEMYSŁOWE;2020;1342753.8;55323.96;60536.23;13850.0;11292.0;0.04120186440730981;0.8153068592057762;178515.28999999998;472706.94;0.13294714935828145;0.35204289870563016;0.045083640798484426;0.019946224949623614;-0.028460456991351912;0.0306907374072678;-0.01396870214612389;0.0023878833023581627;64.56816737448139;14.829308542644029;80.01158325111088;97.73648322467064;25.045041409677722;65.94480139073619;43.78775409406549;57.08198247206791;Gwiazdy wzrostu
SEK_G;;"HANDEL HURTOWY I DETALICZNY; NAPRAWA POJAZDÓW SAMOCHODOWYCH, WŁĄCZAJĄC MOTOCYKLE";2020;1293758.92;38280.51;17085.46;13503.0;11411.0;0.029588595995921715;0.8450714656002369;79412.12;301538.39;0.06138092559006279;0.23307154473570704;0.013206061605356893;0.03359111716060803;0.0873019848848271;0.012998634584993951;-0.024920723908129716;0.0022273357938112303;62.590263791932706;15.401075768198684;80.52281968358852;98.63337669922055;22.80769086563834;66.08903963109951;43.333412086481104;56.986788613252145;Stabilne, ale bez dynamiki
SEK_F;;BUDOWNICTWO;2020;171393.17;9968.54;5725.93;5003.0;4139.0;0.05816182756874151;0.8273036178293024;14787.970000000001;78859.79000000001;0.08628097607390073;0.46011045831056163;0.03340815739623697;0.05687773401259921;0.17595982756780248;0.06796610879128528;0.00436862861813303;0.003483172072769129;15.96536486411594;16.054236861838387;82.30404746079586;97.32412373375973;25.63784817067568;56.97988117360967;44.26864744694971;51.89538768294568;Gwiazdy wzrostu
SEK_E;;"DOSTAWA WODY; GOSPODAROWANIE ŚCIEKAMI I ODPADAMI ORAZ DZIAŁALNOŚĆ ZWIĄZANA Z REKULTYWACJĄ";2020;42787.26;3297.88;5862.44;1455.0;1133.0;0.07707621380756795;0.7786941580756014;9213.8;18703.17;0.21533979974412942;0.4371200679828528;0.13701368117519092;0.09452420212507451;0.23657224808121136;0.1495349109347246;0.0009180634029246626;0.01622939141544821;4.477542437384656;16.86512713079853;81.46415863072886;93.91468374779153;33.68628822810322;53.65223505219623;46.70845855481831;50.874724453245065;Trudna teraźniejszość, dobra przyszłość
SEK_H;;TRANSPORT I GOSPODARKA MAGAZYNOWA;2020;175884.81;3364.79;23061.63;3119.0;2562.0;0.019130645790276034;0.8214171208720744;39472.13;100229.28;0.22442034647562797;0.569857510719658;0.13111780374894227;0.04138815106552651;-0.17059241571414008;0.13960487749571793;-0.011180541952056089;0.011259882527000872;11.572819893680826;14.767824335767095;78.21847059921302;94.42980059468262;33.05759227603824;53.890077890885976;45.982324389550215;50.726976490351674;Trudna teraźniejszość, dobra przyszłość
SEK_Q;;OPIEKA ZDROWOTNA I POMOC SPOŁECZNA;2020;33458.45;1269.36;1772.38;1616.0;1257.0;0.0379383982222727;0.7778465346534653;5925.07;13216.8;0.17708740243496038;0.39502128759700467;0.05297256746800884;0.09916385716595122;0.33623516175007295;0.1424391149617641;0.006477405830480176;0.011761158272791068;4.643056703916706;17.23818297673539;77.6443948038611;95.27000018252382;29.06423868564967;53.23025584068961;45.378150422037635;50.08941367322882;Trudna teraźniejszość, dobra przyszłość
SEK_L;;DZIAŁALNOŚĆ ZWIĄZANA Z OBSŁUGĄ RYNKU NIERUCHOMOŚCI;2020;38694.88;2027.2;5363.85;1927.0;1635.0;0.05238936003936438;0.8484691229891023;24515.420000000002;47966.630000000005;0.6335572044673612;1.2396118039389192;0.13861911446682354;0.03501428220119118;-0.19965115613291595;0.2385972758615238;-0.010002365645155109;0.00984790285457588;5.508399643172414;14.574849320231941;82.90723361411375;89.85429185308868;36.644812082071105;52.42848821814751;45.986667184824626;49.85175980481836;Trudna teraźniejszość, dobra przyszłość
SEK_J;;INFORMACJA I KOMUNIKACJA;2020;131684.57;11152.23;7288.7;2132.0;1696.0;0.08468896545738046;0.7954971857410882;36137.36;76482.05;0.27442364735671004;0.5807973553773232;0.05534968903342282;0.06601566755121535;0.1912438981782434;0.06466683699352904;0.03355829188378645;0.020977064868951064;8.179446094982543;16.252757768940903;83.11879649010568;91.98254583626547;26.678294489716;54.0735415346378;43.141908877448316;49.700888471762;Branże ryzykowne / schyłkowe
SEK_A;;ROLNICTWO, LEŚNICTWO, ŁOWIECTWO I RYBACTWO;2020;29223.06;1630.61;1013.32;1335.0;1156.0;0.055798742499929846;0.8659176029962546;4493.4;9585.99;0.15376213168641475;0.3280282762996072;0.0346753556951257;0.03279441744281586;0.0003989419256944515;-0.1501609406601454;0.0871477533844982;0.004333893323587699;3.8728220509813776;15.130266723971202;84.19198609390077;97.29095761498816;18.663752168006994;54.79241489916072;41.19186816889061;49.35219620705267;Branże ryzykowne / schyłkowe
SEK_N;;DZIAŁALNOŚĆ W ZAKRESIE USŁUG ADMINISTROWANIA I DZIAŁALNOŚĆ WSPIERAJĄCA;2020;60347.49;2633.32;12397.03;2078.0;1596.0;0.04363594906764143;0.7680461982675649;50122.36;68576.62;0.83056246415551;1.1363624236898668;0.205427433684483;0.021420510710825846;0.07292851534169476;0.042216146258413634;-0.003187780635765858;0.005501302914130458;6.376891900445145;15.154394899480787;77.65671465711193;90.13859565630412;33.79858007591651;51.51973446612844;45.107329197102075;48.95477235851789;Trudna teraźniejszość, dobra przyszłość
SEK_M;;DZIAŁALNOŚĆ PROFESJONALNA, NAUKOWA I TECHNICZNA;2020;83408.95;6610.1;1529.92;3132.0;2480.0;0.07924928919498447;0.7918263090676884;19160.42;110255.76;0.2297165951615504;1.3218696554746223;0.018342396109769996;0.07490275492882281;-0.022488070811244598;0.038666128833001245;0.02293760388910382;0.013904992455709185;9.434288658418438;15.768616710451738;82.39321385442577;90.84723549847595;23.90463085216756;53.68148602244585;41.54660800354533;48.82753481488564;Branże ryzykowne / schyłkowe
SEK_D;;WYTWARZANIE I ZAOPATRYWANIE W ENERGIĘ ELEKTRYCZNĄ, GAZ, PARĘ WODNĄ, GORĄCĄ WODĘ I POWIETRZE DO UKŁADÓW KLIMATYZACYJNYCH;2020;231699.12;5849.88;20354.46;436.0;326.0;0.025247743711758596;0.7477064220183486;57508.22;138263.33;0.24820215113462668;0.5967365348646986;0.0878486720191255;0.07168853712875967;-0.31069250688612315;0.0075521331140719905;-0.017702845794342115;0.020193884153583523;6.476792870169801;14.860914915191858;74.76941518667732;92.2345941518914;26.53363986556849;51.37331934506867;42.74210866635237;47.920835073582154;Branże ryzykowne / schyłkowe
SEK_P;;EDUKACJA;2020;1647.72;143.42;28.55;411.0;287.0;0.08704148763139367;0.6982968369829684;350.02;795.95;0.21242686864273055;0.48306144247809096;0.017326973029398198;-0.005472451718082638;0.7015935770309423;-0.18913439486360073;0.06840843233856075;0.019890256550078925;1.0198917912744383;16.5658101147431;78.01973173060425;92.94624927000363;16.498992934088434;51.73423860059282;39.45321498905939;46.821829155979444;Branże ryzykowne / schyłkowe
SEK_R;;DZIAŁALNOŚĆ ZWIĄZANA Z KULTURĄ, ROZRYWKĄ I REKREACJĄ;2020;28479.87;-102.7;592.85;245.0;79.0;-0.0036060557860692483;0.3224489795918367;3055.2200000000003;5539.450000000001;0.10727647282097848;0.1945040479468481;0.020816457378492248;0.23735514038587735;-0.4156052231034207;0.14178791477325148;0.033406137745826125;0.010849351087701966;1.2530846520555752;17.328324271045563;48.686565296751226;96.64447342747398;27.36234607472594;45.747681350602505;45.136777739446245;45.50331990614;Trudna teraźniejszość, dobra przyszłość
SEK_S;;POZOSTAŁA DZIAŁALNOŚĆ USŁUGOWA;2020;4144.77;-105.94;186.94;189.0;122.0;-0.025559922504746944;0.6455026455026455;841.08;2573.87;0.20292561469032055;0.6209922384112989;0.04510262330599767;-0.02837391355207919;-0.47756946997236177;0.04026918733778362;-0.026724074417165178;0.04987551831439242;0.5484648301790923;12.68850881228083;64.27096615281263;85.87808940665762;25.355190649996366;45.11298852930647;39.71205572568008;42.952615407855916;Branże ryzykowne / schyłkowe
SEK_B;;GÓRNICTWO I WYDOBYWANIE;2020;53415.86;-5545.92;6576.29;279.0;212.0;-0.10382534325947387;0.7598566308243727;12372.630000000001;35894.77;0.23162839650995043;0.6719871214279803;0.12311493253127442;-0.007362189453352319;-0.7484763149503033;0.09329334850512527;-0.0035587489614617995;0.08532112267643811;1.919278384125219;12.238317214466951;62.991079011390866;77.74757702649049;31.144498601238073;42.515477841236645;39.45356771278246;41.29071378985497;Branże ryzykowne / schyłkowe
SEK_K;;DZIAŁALNOŚĆ FINANSOWA I UBEZPIECZENIOWA;2020;42638.94;1594.16;4374.3;634.0;449.0;0.03738742098185368;0.7082018927444795;114877.05;165441.72999999998;2.694181656485832;3.8800619809029016;0.10258932328055059;-0.040870628976134915;-0.23306094170094416;-0.021136214606489623;-0.010299393241630206;0.02076223471926798;2.513980587485695;13.20329171993848;73.77525329465442;65.75483592255245;26.378213923671172;41.973883147911096;34.23872386221575;38.87981943363296;Branże ryzykowne / schyłkowe
SEK_I;;DZIAŁALNOŚĆ ZWIĄZANA Z ZAKWATEROWANIEM I USŁUGAMI GASTRONOMICZNYMI;2020;14530.45;-1262.63;1079.4;1057.0;382.0;-0.08689545058824744;0.36140018921475875;9794.55;14735.0;0.674070658513673;1.0140773341500091;0.07428538001231896;-0.06277124410314239;-0.6645106293687952;-0.0005583284624871565;-0.022591330571674395;0.08838517473163975;2.864413795066031;11.557859942602093;42.79078609971222;73.3042163159908;25.562879471358464;36.151309164389026;35.68377466612125;35.96429536508192;Branże ryzykowne / schyłkowe
SEK_O;;"ADMINISTRACJA PUBLICZNA I OBRONA NARODOWA; OBOWIĄZKOWE ZABEZPIECZENIA SPOŁECZNE";2020;0.0;0.0;0.0;0.0;0.0;;;0.0;0.0;;;;;;;;;0.0;;;;;0.0;;0.0;Brak danych
SEK_T;;"GOSPODARSTWA DOMOWE ZATRUDNIAJĄCE PRACOWNIKÓW; GOSPODARSTWA DOMOWE PRODUKUJĄCE WYROBY I ŚWIADCZĄCE USŁUGI NA WŁASNE POTRZEBY";2020;0.0;0.0;0.0;0.0;0.0;;;0.0;0.0;;;;;;;;;0.0;;;;;0.0;;0.0;Brak danych
SEK_U;;ORGANIZACJE I ZESPOŁY EKSTERYTORIALNE;2020;0.0;0.0;0.0;0.0;0.0;;;0.0;0.0;;;;;;;;;0.0;;;;;0.0;;0.0;Brak danych
SEK_C;;PRZETWÓRSTWO PRZEMYSŁOWE;2021;1664854.44;94393.16;65594.56;13464.0;11443.0;0.056697545282096855;0.8498960190136661;190786.09;550044.12;0.11459625863748185;0.33038571227884644;0.039399576577998016;0.07157488422356462;0.14940703663496135;0.04201690502627087;-0.016243178831573335;0.008459354116097549;65.12121728033861;38.87957110500429;65.49436993983214;97.03855089335974;19.908939073914105;68.22929398528476;48.73901222907485;60.43318128280079;Gwiazdy wzrostu
SEK_G;;"HANDEL HURTOWY I DETALICZNY; NAPRAWA POJAZDÓW SAMOCHODOWYCH, WŁĄCZAJĄC MOTOCYKLE";2021;1533183.89;61138.67;21283.04;13210.0;11887.0;0.03987693217934869;0.8998485995457987;80246.37;344573.98;0.052339690315947686;0.22474406511015455;0.013881596420896388;0.06787241695015678;0.2330912973377106;0.025443443014393496;-0.024602176790342045;0.0073741168381510165;61.93733736047358;40.117660544593235;65.8679870984856;98.03184075398488;17.841707113128354;68.29343160905988;48.581533234824775;60.40867225936584;Gwiazdy wzrostu
SEK_Q;;OPIEKA ZDROWOTNA I POMOC SPOŁECZNA;2021;42168.7;2586.34;2110.36;1625.0;1329.0;0.061333168914384374;0.8178461538461539;6275.54;14320.55;0.14881985927951302;0.339601410524868;0.050045649972610025;0.1508567223798658;0.8433893921744346;0.08941760960087519;0.006441066829356412;0.01968267228771315;4.763310729273729;56.43760889207388;64.42489264889382;94.95813926402774;22.793793324792762;59.65572931030499;54.53624177674759;57.607934296882036;Gwiazdy wzrostu
SEK_E;;"DOSTAWA WODY; GOSPODAROWANIE ŚCIEKAMI I ODPADAMI ORAZ DZIAŁALNOŚĆ ZWIĄZANA Z REKULTYWACJĄ";2021;51636.0;4367.95;6545.05;1486.0;1153.0;0.08459117669842744;0.7759084791386271;9097.98;19747.39;0.17619451545433418;0.3824345417925478;0.1267536215043768;0.13557255712190308;0.3914536570806626;0.10036732529582437;0.006821493289768554;0.016238887337537176;4.6108447513322695;47.41273537338937;65.34257677489487;95.18024860071861;27.066262158106337;57.6650715675531;53.604400055474926;56.04080296272183;Trudna teraźniejszość, dobra przyszłość
SEK_J;;INFORMACJA I KOMUNIKACJA;2021;145056.45;22044.97;9125.58;2200.0;1799.0;0.15197511037944192;0.8177272727272727;33733.39;82607.1;0.23255353346921145;0.5694824325288534;0.06291054275766433;0.0749839890721109;0.6223738496314579;0.08177144226549093;0.02649595912478464;0.04227204579208281;8.164342565150667;47.49010226585617;76.63501418809402;89.77905530873817;23.036658029076985;59.597864219139126;50.39541048400909;55.91688272508711;Gwiazdy wzrostu
SEK_F;;BUDOWNICTWO;2021;192896.52;13032.45;6927.22;4889.0;4164.0;0.06756187203377231;0.851707915729188;15337.99;80023.53;0.07951408350964549;0.4148521186385322;0.03591158617065772;0.05368082484737324;0.15504926153462129;0.09229425068139885;-0.0006128704293054676;0.007059443149400344;15.618653082064322;37.79343544030032;67.05440836481137;97.11079993018738;22.25103668818587;58.468931546747;49.37168528642066;54.83003304261646;Trudna teraźniejszość, dobra przyszłość
SEK_H;;TRANSPORT I GOSPODARKA MAGAZYNOWA;2021;214991.56;9304.99;28674.56;3076.0;2608.0;0.04328072227579539;0.8478543563068921;44941.91;114837.04000000001;0.20904034558379875;0.5341467358067452;0.13337528226689457;0.08163359759065214;0.1302322595695602;0.1330570016769086;-0.00789282054822349;0.012940387614607078;11.652701030950322;39.20641942896945;63.578168829035974;94.88024085172108;29.020802864891714;56.49075952620774;51.83431923016384;54.628183407790175;Trudna teraźniejszość, dobra przyszłość
SEK_M;;DZIAŁALNOŚĆ PROFESJONALNA, NAUKOWA I TECHNICZNA;2021;96633.68;8629.87;1912.51;3182.0;2602.0;0.08930499179996045;0.8177247014456317;16840.61;122645.67000000001;0.17427267594486728;1.2691814075589383;0.019791339830998882;0.08913228902326287;0.2967830602258752;0.06428562434071594;0.016002709851850705;0.007865808041224257;9.601515201547315;42.65603130060357;68.1884174200978;92.76677096721599;20.069007464263493;57.46144651064961;48.654443666051264;53.93864537281027;Trudna teraźniejszość, dobra przyszłość
SEK_N;;DZIAŁALNOŚĆ W ZAKRESIE USŁUG ADMINISTROWANIA I DZIAŁALNOŚĆ WSPIERAJĄCA;2021;73712.92;4612.1;16667.57;2072.0;1733.0;0.06256840727514254;0.8363899613899614;54166.16;77338.97;0.7348258622776035;1.0491915121528221;0.22611463499207465;0.044297109024590275;0.28894925314619946;0.1390438485607044;0.011858812655120232;0.011542668578762112;6.462553577952172;39.54512971149038;65.57165422293545;89.84025780430912;33.82396275494278;54.52378404048963;52.34520135671696;53.65235096698056;Trudna teraźniejszość, dobra przyszłość
SEK_L;;DZIAŁALNOŚĆ ZWIĄZANA Z OBSŁUGĄ RYNKU NIERUCHOMOŚCI;2021;43109.52;3532.02;5621.44;1864.0;1614.0;0.08193132282614142;0.8658798283261803;24760.52;49925.69;0.5743631569082653;1.1581128715884568;0.13039903946970413;0.059349827021593304;0.14544438943955784;0.2120529175282364;-0.017934914314845618;0.015015770914329794;5.361277678994;37.998950379881684;69.74024217704498;89.73858821701751;32.82233091334878;54.92863014013571;51.450193944409264;53.53725566184514;Trudna teraźniejszość, dobra przyszłość
SEK_D;;WYTWARZANIE I ZAOPATRYWANIE W ENERGIĘ ELEKTRYCZNĄ, GAZ, PARĘ WODNĄ, GORĄCĄ WODĘ I POWIETRZE DO UKŁADÓW KLIMATYZACYJNYCH;2021;306470.23;18854.19;19328.37;435.0;324.0;0.061520461546950254;0.7448275862068966;58181.549999999996;214899.9;0.189844051084505;0.7012097064044361;0.06306769176242664;0.15775011987869858;0.3438908112433807;-0.012881504052109971;-0.014149332790652003;0.031153712933177456;7.031840292283725;48.03966478142422;60.59015813940698;91.28791880120085;18.31609994230071;55.9501994290248;49.1247150517078;53.220005678098005;Trudna teraźniejszość, dobra przyszłość
SEK_A;;ROLNICTWO, LEŚNICTWO, ŁOWIECTWO I RYBACTWO;2021;33933.72;2186.85;1076.11;1302.0;1147.0;0.06444474699502441;0.8809523809523809;4361.63;10632.13;0.12853380059716413;0.3133204965444401;0.03171211408592986;0.05597642027662664;0.13466754450233576;0.011912791237883802;-0.03302295605448302;0.004331654870378608;3.8193752340830747;37.58428733284576;68.18024189300426;97.70774532222526;18.03179164387319;56.5173309499467;47.800326454070586;53.030529151596255;Branże ryzykowne / schyłkowe
SEK_R;;DZIAŁALNOŚĆ ZWIĄZANA Z KULTURĄ, ROZRYWKĄ I REKREACJĄ;2021;41729.52;117.87;609.49;235.0;95.0;0.002824619118552047;0.40425531914893614;4245.5599999999995;7004.09;0.10173996729413613;0.16784496922082978;0.014605727552102207;0.33483939487573866;-0.2519621998678444;0.08006162444971454;-0.013794865442920301;0.009006743805017073;1.3837411821593795;49.215508700432025;34.67568044615436;97.71990493127655;20.605213466223834;50.56551700246143;52.3227094760021;51.2683939918777;Trudna teraźniejszość, dobra przyszłość
SEK_P;;EDUKACJA;2021;1944.92;228.38;34.12;439.0;325.0;0.11742385290911708;0.7403189066059226;335.24;769.1899999999999;0.1723669868169385;0.3954867038232935;0.017543138021101124;-0.003624107906170515;0.24667024782986768;-0.2389005783171796;0.06346667486984536;0.03466192783899626;1.1025858663613097;35.619031976242404;67.88628087672129;92.12371914282153;4.81478439315238;53.73396112935964;40.24873909298013;48.339872314807835;Branże ryzykowne / schyłkowe
SEK_B;;GÓRNICTWO I WYDOBYWANIE;2021;66753.29;6480.03;6110.06;269.0;206.0;0.09707431648687279;0.7657992565055762;12485.310000000001;38330.25;0.18703662396265416;0.5742076532857032;0.09153196793746048;0.05117754785321926;0.19055365971066607;-0.01747246324148899;-0.012093084486250016;0.10083715679182001;1.9542193980337221;38.25690506748724;66.49060761651955;80.41441403028195;19.469201039154463;50.70204625969303;43.38907614499254;47.77685821381283;Branże ryzykowne / schyłkowe
SEK_S;;POZOSTAŁA DZIAŁALNOŚĆ USŁUGOWA;2021;4587.84;229.66;205.69;181.0;136.0;0.05005841528911208;0.7513812154696132;598.99;2533.86;0.13056035084048268;0.5522991211550534;0.04483373439352724;-0.003330755010694131;-0.0779403632040393;0.037467539830547514;-0.03272597291420554;0.04619383546413711;0.5284317421828398;29.88392265797369;59.39178756848854;89.80333664775772;19.945607372860344;49.36561489937944;43.88442074086356;47.17313723597309;Branże ryzykowne / schyłkowe
SEK_I;;DZIAŁALNOŚĆ ZWIĄZANA Z ZAKWATEROWANIEM I USŁUGAMI GASTRONOMICZNYMI;2021;18369.34;772.23;1345.38;1026.0;667.0;0.042039071626961015;0.6500974658869396;10279.86;15219.68;0.5596205416198949;0.828537116739088;0.07324051925654379;-0.017430410262086693;-0.10906099579063877;-0.006198162560786313;-0.029086403914204695;0.08533075327886887;2.8464829173468327;28.397593979298648;52.95681012798328;79.69875322239446;19.14401902615591;44.81752357700819;40.0865117709703;42.92511885459303;Branże ryzykowne / schyłkowe
SEK_K;;DZIAŁALNOŚĆ FINANSOWA I UBEZPIECZENIOWA;2021;50026.5;5164.28;4584.74;622.0;486.0;0.10323088762955633;0.7813504823151125;129964.11;184281.36;2.5979053101856016;3.6836748523282656;0.0916462274994253;0.046317985231304926;0.17100858496064508;-0.006638979593291849;-0.023014352792618986;0.03784493080123188;2.484097540716091;37.588288609894825;68.14245261469951;63.385557805285345;20.01591438266761;45.9451721558774;38.29851967762109;42.88651116457488;Branże ryzykowne / schyłkowe
SEK_O;;"ADMINISTRACJA PUBLICZNA I OBRONA NARODOWA; OBOWIĄZKOWE ZABEZPIECZENIA SPOŁECZNE";2021;0.0;0.0;0.0;0.0;0.0;;;0.0;0.0;;;;;;;;;0.0;;;;;0.0;;0.0;Brak danych
SEK_T;;"GOSPODARSTWA DOMOWE ZATRUDNIAJĄCE PRACOWNIKÓW; GOSPODARSTWA DOMOWE PRODUKUJĄCE WYROBY I ŚWIADCZĄCE USŁUGI NA WŁASNE POTRZEBY";2021;0.0;0.0;0.0;0.0;0.0;;;0.0;0.0;;;;;;;;;0.0;;;;;0.0;;0.0;Brak danych
SEK_U;;ORGANIZACJE I ZESPOŁY EKSTERYTORIALNE;2021;0.0;0.0;0.0;0.0;0.0;;;0.0;0.0;;;;;;;;;0.0;;;;;0.0;;0.0;Brak danych
SEK_D;;WYTWARZANIE I ZAOPATRYWANIE W ENERGIĘ ELEKTRYCZNĄ, GAZ, PARĘ WODNĄ, GORĄCĄ WODĘ I POWIETRZE DO UKŁADÓW KLIMATYZACYJNYCH;2022;488996.88;20759.93;21247.2;433.0;271.0;0.04245411545366097;0.625866050808314;92321.47;252968.09;0.1887976667662992;0.5173204581591604;0.04345058397918613;0.29898584246809157;63.7204970840585;-0.02421251144547576;-0.008327411551107944;0.018144305080020084;8.646561498907547;84.81458298852169;62.44362759893289;93.43404552813908;11.955145920368878;66.57407860508688;58.25664692314578;63.24710593231044;Gwiazdy wzrostu
SEK_C;;PRZETWÓRSTWO PRZEMYSŁOWE;2022;2183248.61;116220.57;81180.37;13746.0;11484.0;0.0532328610986726;0.8354430379746836;216998.52000000002;647658.43;0.09939249199842616;0.2966489601933149;0.03718329173698638;0.15776094385415296;0.2424933241859999;0.07691384517899946;-0.009118686986386626;0.008132906856834703;66.95581760294652;21.69989442099507;74.18106157705823;96.76498694701965;13.619247690196536;66.39089860420853;40.98716348648303;56.22940455711833;Gwiazdy wzrostu
SEK_G;;"HANDEL HURTOWY I DETALICZNY; NAPRAWA POJAZDÓW SAMOCHODOWYCH, WŁĄCZAJĄC MOTOCYKLE";2022;1897234.57;64417.43;27210.81;13332.0;11849.0;0.03395332923962059;0.8887638763876388;95944.9;407578.24;0.05057092123300283;0.2148275423844928;0.014342354092778311;0.1325575037449518;0.24464541217297286;0.10776702607087674;-0.012530570943413255;0.005163813666587552;61.51266934743322;19.219763320361846;75.13226752383032;97.99187258277087;13.071650522937132;65.28810335536595;40.392150980114664;55.32972240526543;Stabilne, ale bez dynamiki
SEK_R;;DZIAŁALNOŚĆ ZWIĄZANA Z KULTURĄ, ROZRYWKĄ I REKREACJĄ;2022;61905.53;442.51;811.1;243.0;119.0;0.007148149769495553;0.4897119341563786;4652.889999999999;8624.76;0.07516113665451211;0.13932131749780674;0.01310222204704491;0.3435552468545031;0.06925060484186396;0.09647360502948343;-0.010739085096545531;0.005411398989631592;1.546276245312778;39.86088435724641;52.202741046412186;98.17081361066168;12.787985859801784;52.77640568317571;46.52470373429314;50.27572490362268;Trudna teraźniejszość, dobra przyszłość
SEK_H;;TRANSPORT I GOSPODARKA MAGAZYNOWA;2022;270673.1;12612.36;31563.82;3324.0;2847.0;0.04659628164010388;0.8564981949458483;49989.909999999996;127801.63;0.18468739597691827;0.47216228727568427;0.1166123268252368;0.13513830592364307;0.20180292455365878;0.1237050110954998;0.010234030572229491;0.014992110596299405;12.188600357435838;19.440685098810327;74.64690541622268;94.19089327305215;18.54055016280964;54.21688568216106;41.5056935766826;49.13240883996968;Trudna teraźniejszość, dobra przyszłość
SEK_F;;BUDOWNICTWO;2022;236403.32;16386.18;6586.38;4997.0;4252.0;0.06931450878101035;0.8509105463277967;18287.27;95219.54;0.0773562317145123;0.4027842756184642;0.02786077623613746;0.10828005094841897;0.2064126375498465;0.03306909473166053;0.0038991991081571697;0.005997428195135247;15.670728203884625;16.799508437035836;76.45992066776127;96.70777919366438;12.29066320944446;55.461336675075515;38.968451572987846;48.86418263424044;Branże ryzykowne / schyłkowe
SEK_A;;ROLNICTWO, LEŚNICTWO, ŁOWIECTWO I RYBACTWO;2022;43667.0;4143.82;1227.31;1272.0;1163.0;0.0948959168250624;0.914308176100629;4256.59;11648.51;0.09747841619529622;0.2667577346737811;0.02810612132731811;0.13047362174567634;0.3127910739618913;0.061290028135097874;-0.031685745015943234;0.0205370242000345;3.7321781871127806;19.067388633274977;82.07319869575787;94.98035441841576;12.855619066037066;54.5256887952055;39.356570541922046;48.45804149389212;Branże ryzykowne / schyłkowe
SEK_Q;;OPIEKA ZDROWOTNA I POMOC SPOŁECZNA;2022;47596.41;1627.78;2714.28;1725.0;1349.0;0.03419963816598773;0.7820289855072464;5668.9400000000005;14871.91;0.11910436102218634;0.31245864971748916;0.057026990060805006;0.15212519639997457;0.33026662413089114;0.14350430887620247;0.01802188443542585;0.014705566482170085;4.880525577963043;21.21298055040607;69.68458729750706;95.51271394099027;15.923724612678992;52.35431125986797;41.3871981924905;47.96746603291698;Trudna teraźniejszość, dobra przyszłość
SEK_E;;"DOSTAWA WODY; GOSPODAROWANIE ŚCIEKAMI I ODPADAMI ORAZ DZIAŁALNOŚĆ ZWIĄZANA Z REKULTYWACJĄ";2022;56781.76;3750.01;7620.71;1541.0;1000.0;0.06604251083446515;0.6489292667099286;10118.28;21814.190000000002;0.17819595588442486;0.3841760100426616;0.13421052816960938;0.13974263207126358;0.22286007163237942;0.08031231985110354;0.020027798114708784;0.009329793440751806;4.581815385569297;19.910399647485885;65.80548688047332;95.5795774180189;18.5782575719679;51.019207934509325;42.078296148438596;47.44284322008103;Trudna teraźniejszość, dobra przyszłość
SEK_N;;DZIAŁALNOŚĆ W ZAKRESIE USŁUG ADMINISTROWANIA I DZIAŁALNOŚĆ WSPIERAJĄCA;2022;90772.65;5765.34;18696.69;2163.0;1769.0;0.0635140650845822;0.8178455848358761;41560.4;65180.09;0.457851566523617;0.7180586883824588;0.20597272416306012;0.09137837525065629;0.25608090261445904;0.1128148506797968;0.009101394702137;0.01121362072700196;6.6034369651605385;15.1736921269008;74.22923471018711;91.6250077886189;22.83318919674691;51.158921438889756;41.172885653354676;47.16450712467572;Trudna teraźniejszość, dobra przyszłość
SEK_M;;DZIAŁALNOŚĆ PROFESJONALNA, NAUKOWA I TECHNICZNA;2022;114599.76;9264.13;2154.97;3354.0;2709.0;0.08083900001186739;0.8076923076923077;16237.89;132467.55;0.14169218155430693;1.1559147244287422;0.01880431512247495;0.11522458613707331;0.14961108798049882;0.03501055658584851;0.021894885974711453;0.0054055118832091855;9.832562045035303;17.43930881660154;75.30985415691792;92.47947001527686;11.872018679526054;52.89764415696999;37.72444112137394;46.82836294273157;Branże ryzykowne / schyłkowe
SEK_J;;INFORMACJA I KOMUNIKACJA;2022;175291.28;11520.37;10126.64;2390.0;1915.0;0.06572129543466167;0.801255230125523;47460.740000000005;102925.22;0.2707535708564625;0.5871668003108883;0.05777035800069461;0.11957441612974651;0.07615566090775139;0.07858203587289547;0.04109568960106613;0.045326442608209394;8.463105536567307;17.810696767145338;73.58290642364551;88.22911750062387;14.689986589984033;51.009757155198336;37.68793891632438;45.68102985964875;Branże ryzykowne / schyłkowe
SEK_B;;GÓRNICTWO I WYDOBYWANIE;2022;94631.56;13888.92;7778.68;264.0;210.0;0.14676837198921797;0.7954545454545454;8544.85;34001.8;0.09029598582122075;0.3593071909625077;0.08219963826021678;0.17924578339251318;4.63070087501083;-0.015323688412047787;-0.02174605898703097;0.13268219081738794;2.1057972663232483;27.217261400723864;80.77518600066253;76.90863729838607;14.08306297576803;50.491862493127066;36.870994800040194;45.043515415892315;Branże ryzykowne / schyłkowe
SEK_L;;DZIAŁALNOŚĆ ZWIĄZANA Z OBSŁUGĄ RYNKU NIERUCHOMOŚCI;2022;44536.77;2635.08;5612.69;1846.0;1600.0;0.059166392174376366;0.866738894907909;26887.97;51673.6;0.6037251915664293;1.1602457924092835;0.12602373274936643;0.0661367999534268;-0.0006417870727170039;0.1230538824694194;-0.018438999879596074;0.015475237194918728;5.123331277257075;12.489125975132872;76.33337494601136;87.66721959373717;19.002357882328784;49.53045736385863;37.64784682359253;44.777413147752185;Branże ryzykowne / schyłkowe
SEK_P;;EDUKACJA;2022;2205.77;247.2;37.13;469.0;343.0;0.1120697080837984;0.7313432835820896;261.93;741.99;0.11874764821354901;0.3363859332568672;0.016833124033784123;-0.014439795090671614;0.3050340963979834;-0.03313722892767479;0.05360095765221162;0.016218131857552064;1.1599332658404653;4.791655515569561;74.28280466205229;95.15408278217038;10.438245053737866;48.54682653222467;34.15901951081713;42.791703723661655;Branże ryzykowne / schyłkowe
SEK_I;;DZIAŁALNOŚĆ ZWIĄZANA Z ZAKWATEROWANIEM I USŁUGAMI GASTRONOMICZNYMI;2022;27897.12;2453.79;1642.37;1134.0;867.0;0.08795854195701922;0.7645502645502645;10177.029999999999;15727.18;0.36480575772696244;0.5637564020945531;0.05887238539318754;0.08511744926292608;0.14738576300953543;0.056812670764092355;-0.0020491860703126807;0.09065192357149897;3.1556402064799065;14.472914082830146;73.75663044282894;80.56535677050452;14.319296148062616;46.85812120386211;34.239199715225446;41.81055260840745;Branże ryzykowne / schyłkowe
SEK_S;;POZOSTAŁA DZIAŁALNOŚĆ USŁUGOWA;2022;5160.28;333.24;226.65;197.0;144.0;0.06457789112218718;0.7309644670050761;472.65;1475.99;0.09159386699946515;0.2860290526870635;0.04392203523839792;0.010809058382651893;0.046359900960710965;-0.0033163620676106564;0.0;0.048397268577571144;0.5530862562558427;7.077402437307141;69.8746591156641;90.53838589959298;12.388078722454033;46.51014840937187;34.23996799005165;41.602076241643786;Branże ryzykowne / schyłkowe
SEK_K;;DZIAŁALNOŚĆ FINANSOWA I UBEZPIECZENIOWA;2022;70255.57;10775.7;3766.65;637.0;499.0;0.15337858621031755;0.783359497645212;162069.28;227689.05;2.3068531078745784;3.2408683041074178;0.05361354266999755;0.1407089345871868;0.816544239501259;-0.09267016142279394;-0.02153903033407023;0.058172307535732194;2.621793295940795;20.46577635132;80.76613472044788;58.42746774665968;11.127152822793287;43.360576751128036;28.118834358511215;37.263879794081305;Branże ryzykowne / schyłkowe
SEK_O;;"ADMINISTRACJA PUBLICZNA I OBRONA NARODOWA; OBOWIĄZKOWE ZABEZPIECZENIA SPOŁECZNE";2022;0.0;0.0;0.0;0.0;0.0;;;0.0;0.0;;;;;;;;;0.0;;;;;0.0;;0.0;Brak danych
SEK_T;;"GOSPODARSTWA DOMOWE ZATRUDNIAJĄCE PRACOWNIKÓW; GOSPODARSTWA DOMOWE PRODUKUJĄCE WYROBY I ŚWIADCZĄCE USŁUGI NA WŁASNE POTRZEBY";2022;0.0;0.0;0.0;0.0;0.0;;;0.0;0.0;;;;;;;;;0.0;;;;;0.0;;0.0;Brak danych
SEK_U;;ORGANIZACJE I ZESPOŁY EKSTERYTORIALNE;2022;0.0;0.0;0.0;0.0;0.0;;;0.0;0.0;;;;;;;;;0.0;;;;;0.0;;0.0;Brak danych
SEK_C;;PRZETWÓRSTWO PRZEMYSŁOWE;2023;2159849.79;106378.65;92094.62;14016.0;11348.0;0.049252800121808465;0.8096461187214612;210468.72;644424.6699999999;0.09744599877938734;0.2983655034640163;0.042639363360541846;0.17168009717404464;0.2435036717897019;0.15011066249702343;0.003979330447128504;0.003725344556146548;69.4340647479591;44.84046204566097;64.86924623489456;97.23917272249346;18.224656312072828;70.48599183647875;49.913752955275456;62.25709628399743;Gwiazdy wzrostu
SEK_G;;"HANDEL HURTOWY I DETALICZNY; NAPRAWA POJAZDÓW SAMOCHODOWYCH, WŁĄCZAJĄC MOTOCYKLE";2023;1905995.89;60908.03;26973.07;13477.0;11405.0;0.0319560132944463;0.8462565852934629;91905.0;411249.94;0.04821888676790379;0.2157664358867007;0.01415169368492185;0.13786184345615005;0.1674338437207996;0.16439741999514146;-0.0006422450695829918;0.004119451799159815;63.89606550408982;44.14639990211372;63.692803861822824;97.91663951824164;17.233695683666564;69.1140058972746;49.51239009957323;61.27335957819405;Gwiazdy wzrostu
SEK_F;;BUDOWNICTWO;2023;258284.61;19757.01;7911.56;5119.0;4483.0;0.07649317549349921;0.8757569837858957;19355.8;97837.89;0.07493981155129607;0.37879876001903484;0.030631170784817575;0.1464849004789135;0.25611640603557806;0.11379525628481035;0.007669721104364147;0.004732391446659475;16.450580484268087;44.485506186674684;73.21005046939514;96.74819537301167;16.887021468398203;61.738463872774574;49.12491905526518;56.69304594577082;Gwiazdy wzrostu
SEK_P;;EDUKACJA;2023;3158.47;313.48;76.67;512.0;395.0;0.09925058651815595;0.771484375;352.9;755.98;0.11173131294582503;0.23935006506314768;0.02427441134473337;0.24221789425311768;0.2977769011459048;0.38997327520923686;0.07599283577356952;0.00933866831907387;1.2646392741310533;46.04384703937533;71.81685865715941;96.1293885587391;22.59749941848438;58.556920846581626;51.690970446828075;55.810540686680206;Trudna teraźniejszość, dobra przyszłość
SEK_H;;TRANSPORT I GOSPODARKA MAGAZYNOWA;2023;278080.97;13117.47;35282.84;3622.0;2819.0;0.047171404789044;0.77829928216455;54033.75;133948.79;0.19430941283037098;0.48168988334584717;0.12687973578343026;0.16496884718732718;0.5738525365145757;0.15227952540088152;0.05110077686620906;0.0021000440849975447;13.240459813669009;45.51108236214782;62.85350526911307;95.99803513078416;22.120090325960952;58.53864940978427;51.300771378263974;55.64349819717615;Trudna teraźniejszość, dobra przyszłość
SEK_N;;DZIAŁALNOŚĆ W ZAKRESIE USŁUG ADMINISTROWANIA I DZIAŁALNOŚĆ WSPIERAJĄCA;2023;106486.22;8304.15;20374.55;2257.0;1857.0;0.07798332967401791;0.8227735932653966;45617.57;76486.49;0.42838941977656825;0.7182759421829417;0.19133508542232036;0.20840190103929102;0.4664384835887867;0.18011262841654974;0.027926364961712302;0.00863976966335525;7.129027536564876;45.922502296161085;70.69929788349033;91.61130865918895;25.669335134938166;58.06464814998252;51.527877340580275;55.44993982622162;Trudna teraźniejszość, dobra przyszłość
SEK_Q;;OPIEKA ZDROWOTNA I POMOC SPOŁECZNA;2023;57862.42;2965.05;3467.64;1777.0;1499.0;0.05124310390059732;0.8435565559932471;5971.5;16362.02;0.10320169809696864;0.28277455384686645;0.05992905239704803;0.20031967572058162;0.32683139024707164;0.25071700439869904;0.03216395925920601;0.013714454826346827;5.176697998971154;45.47248314604059;67.00307121627796;94.94267739322746;21.200493743058157;57.637031408342104;50.604745659003676;54.82411710860673;Trudna teraźniejszość, dobra przyszłość
SEK_A;;ROLNICTWO, LEŚNICTWO, ŁOWIECTWO I RYBACTWO;2023;46611.94;3597.86;1364.9;1257.0;1101.0;0.07718751890610002;0.8758949880668258;3889.38;10709.76;0.08344171042870131;0.229764305025708;0.029282196793353806;0.16839716985102804;0.30186130748297124;0.10437883028682982;-0.019867769575180327;0.015292914137228308;3.7572531743760287;44.926925263771054;73.34155126418239;94.98446394092058;16.62079436110617;58.81390894913974;48.62173450584996;54.737039171823824;Branże ryzykowne / schyłkowe
SEK_I;;DZIAŁALNOŚĆ ZWIĄZANA Z ZAKWATEROWANIEM I USŁUGAMI GASTRONOMICZNYMI;2023;34655.67;2954.73;2087.49;1243.0;947.0;0.08525964149589375;0.7618664521319388;9260.97;15600.41;0.26722813323187805;0.45015462116300164;0.060235164981661;0.3360777912033792;1.1133797443959568;0.24589276347740152;0.055517359853362924;0.0257678723700899;3.523363726158822;49.38466622587134;68.80872112074783;90.1132934013547;21.109655315405778;57.28700760229297;50.29325001433013;54.48950456710783;Trudna teraźniejszość, dobra przyszłość
SEK_S;;POZOSTAŁA DZIAŁALNOŚĆ USŁUGOWA;2023;6189.87;401.01;262.32;209.0;159.0;0.06478488239656083;0.7607655502392344;461.9;1494.1399999999999;0.0746219225928816;0.24138471405699957;0.04237891910492466;0.14303719836495477;1.5950852683909131;0.11954886784306762;0.0340975137779882;0.008443210855688414;0.598515997060116;47.56614494741227;65.08664822204335;96.58860842799776;17.548703663796797;57.25948402017525;50.26590747814173;54.462053403361836;Trudna teraźniejszość, dobra przyszłość
SEK_R;;DZIAŁALNOŚĆ ZWIĄZANA Z KULTURĄ, ROZRYWKĄ I REKREACJĄ;2023;77427.33;974.61;936.02;252.0;135.0;0.012587415838825902;0.5357142857142857;4602.42;8914.16;0.059441801751397086;0.11512937356873858;0.01208901301388024;0.3956786238651009;3.49662447257384;0.1644301308694558;0.009434519443984435;0.004892012749779078;1.896431371553923;55.87105865767112;43.947456638487466;98.1743451500999;17.140178084277316;54.786218643380394;53.06969237604223;54.09960813644513;Trudna teraźniejszość, dobra przyszłość
SEK_M;;DZIAŁALNOŚĆ PROFESJONALNA, NAUKOWA I TECHNICZNA;2023;132959.53;9867.7;2067.92;3541.0;2842.0;0.07421581589525776;0.8025981361197402;18010.760000000002;135526.72;0.13546046680520007;1.0193080556166225;0.01555300323338989;0.1681598420922812;0.1428852714669493;0.10566018410021738;0.04176091101325574;0.007563319534455189;10.612023006576855;44.551292388803176;68.96740819354572;92.370586563955;16.02145247448396;58.213255716089094;47.48514467562104;53.92201129990187;Branże ryzykowne / schyłkowe
SEK_L;;DZIAŁALNOŚĆ ZWIĄZANA Z OBSŁUGĄ RYNKU NIERUCHOMOŚCI;2023;56403.22;3267.52;6938.93;1882.0;1624.0;0.057931444339525295;0.8629117959617428;29016.730000000003;56823.93;0.5144516571926213;1.0074589713140492;0.12302365006820533;0.13383571103215153;0.1724847938622347;0.08961220863530217;-0.007845511475603528;0.013513951624813616;5.400670002034962;44.096781931397;69.21470386777352;88.3819014357677;20.58228245336545;55.922575880929934;47.976517991495584;52.7441527251562;Branże ryzykowne / schyłkowe
SEK_B;;GÓRNICTWO I WYDOBYWANIE;2023;98740.7;4838.47;11363.44;275.0;231.0;0.04900177940808603;0.84;7405.04;34763.770000000004;0.07499480963776842;0.3520713343130037;0.115083648384101;0.22727529578478634;0.6241459186813609;0.1999863030519946;-0.0048019947646492644;0.048885537394998076;2.308735112980827;46.57954671295243;66.4155035292601;86.55865755440223;22.617801627092383;54.67810684946997;48.988581931043356;52.40229688209932;Branże ryzykowne / schyłkowe
SEK_E;;"DOSTAWA WODY; GOSPODAROWANIE ŚCIEKAMI I ODPADAMI ORAZ DZIAŁALNOŚĆ ZWIĄZANA Z REKULTYWACJĄ";2023;57195.36;2804.05;8046.86;1591.0;1027.0;0.04902583006733414;0.6455059710873664;12033.49;25074.73;0.21039276612648297;0.4384049685149285;0.14069078330829632;0.10157847354789573;-0.052635802083398686;0.1113461385841974;0.03023364491856384;0.01778817168164089;4.725343944924653;43.07775462859208;56.22422614351185;92.4385314752763;21.861601444053374;53.502123424593805;49.39952640878187;51.86108461826903;Trudna teraźniejszość, dobra przyszłość
SEK_J;;INFORMACJA I KOMUNIKACJA;2023;196056.29;13148.8;10415.91;2545.0;1998.0;0.06706645321096302;0.7850687622789784;51599.63;114126.42000000001;0.2631878324332262;0.5821104744968907;0.05312714016979511;0.14186640770939607;0.05643180427249961;0.12637338797560793;0.06080004326313948;0.04941492707021133;9.314540551877748;43.94775826317421;66.76898033166364;83.93306331733696;18.187993974401877;54.7220117542861;45.6394440639141;51.088984678137294;Branże ryzykowne / schyłkowe
SEK_D;;WYTWARZANIE I ZAOPATRYWANIE W ENERGIĘ ELEKTRYCZNĄ, GAZ, PARĘ WODNĄ, GORĄCĄ WODĘ I POWIETRZE DO UKŁADÓW KLIMATYZACYJNYCH;2023;563319.48;-5014.97;27598.1;444.0;330.0;-0.008902532538019101;0.7432432432432432;95793.69;221253.15000000002;0.17005215228843143;0.39276672981378175;0.04899191485442683;0.34465270068269094;-0.619092471412519;0.10681031929316842;0.0060791766738983455;0.03642441704448188;10.509475396343557;45.46145074311305;50.98029241255664;88.59731537848008;17.574015034690234;52.79152548173016;47.24723585035403;50.573809629179706;Branże ryzykowne / schyłkowe
SEK_K;;DZIAŁALNOŚĆ FINANSOWA I UBEZPIECZENIOWA;2023;72873.81;5348.69;5458.53;635.0;495.0;0.07339660160488384;0.7795275590551181;180163.86;257475.64;2.472271725603478;3.5331711076997347;0.07490386463943631;0.1956067514374824;0.4970575872331129;0.07660331388616104;0.0005254861713306358;0.04041863051649301;2.726309756320565;45.79890273734033;67.61140968444313;55.38169407037719;18.101390976398104;45.512348277823136;37.5947354328745;42.34530313984368;Branże ryzykowne / schyłkowe
SEK_O;;"ADMINISTRACJA PUBLICZNA I OBRONA NARODOWA; OBOWIĄZKOWE ZABEZPIECZENIA SPOŁECZNE";2023;0.0;0.0;0.0;0.0;0.0;;;0.0;0.0;;;;;;;;;0.0;;;;;0.0;;0.0;Brak danych
SEK_T;;"GOSPODARSTWA DOMOWE ZATRUDNIAJĄCE PRACOWNIKÓW; GOSPODARSTWA DOMOWE PRODUKUJĄCE WYROBY I ŚWIADCZĄCE USŁUGI NA WŁASNE POTRZEBY";2023;0.0;0.0;0.0;0.0;0.0;;;0.0;0.0;;;;;;;;;0.0;;;;;0.0;;0.0;Brak danych
SEK_U;;ORGANIZACJE I ZESPOŁY EKSTERYTORIALNE;2023;0.0;0.0;0.0;0.0;0.0;;;0.0;0.0;;;;;;;;;0.0;;;;;0.0;;0.0;Brak danych
SEK_G;;"HANDEL HURTOWY I DETALICZNY; NAPRAWA POJAZDÓW SAMOCHODOWYCH, WŁĄCZAJĄC MOTOCYKLE";2024;1938247.12;52539.07;26997.9;13603.0;11159.0;0.027106486813714442;0.8203337499081085;92946.27;426680.44999999995;0.047953776915711344;0.22013728053417664;0.013929028822702442;0.08128032350979675;-0.049273794772314305;0.08251047544106882;0.009819982049086518;0.003521042205497195;64.92828412898317;64.39660494243232;78.86850605906545;98.49160618881439;17.924901118349442;78.34941643281539;56.03642378671378;69.42421937437474;Stabilne, ale bez dynamiki
SEK_C;;PRZETWÓRSTWO PRZEMYSŁOWE;2024;2051086.52;76355.99;82223.57;14159.0;10812.0;0.03722709366740902;0.7636132495232714;210425.49;638477.81;0.1025922056179278;0.3112876047764187;0.040087811605333944;0.07201921697562952;-0.06824686557458359;0.07822525994538387;0.016918526720548277;0.00833309758503842;68.15071486044594;64.06470165519212;76.58247371581439;96.88086456333227;19.013671617082345;77.8561961838405;55.889138512390254;69.06937311526039;Stabilne, ale bez dynamiki
SEK_P;;EDUKACJA;2024;3532.8;337.87;102.64;553.0;428.0;0.09563802083333332;0.7739602169981917;415.72;964.03;0.11767436594202899;0.27287986865942027;0.029053442028985507;0.22012905692338802;0.1394550243404602;0.4435634371183399;0.07999116745007795;0.00863501451879665;1.3665264176243004;69.08322700384876;82.40817426382911;96.95110643913685;26.99563792618935;67.23148753218538;60.608555203371424;64.5823146006598;Trudna teraźniejszość, dobra przyszłość
SEK_F;;BUDOWNICTWO;2024;253177.04;15961.41;9214.88;5323.0;4487.0;0.06304446090372176;0.8429457073079091;17673.129999999997;96412.26000000001;0.06980542153427498;0.38080965003777595;0.0363969813376442;0.09488030031608563;0.06991282974941493;0.09979118521135955;0.028755435780769778;0.006729471007810589;16.86081586311608;65.16018434722858;83.36778915391571;96.93914138340682;19.3467780986169;69.58589896293134;56.36850895863738;64.29894296121375;Gwiazdy wzrostu
SEK_I;;DZIAŁALNOŚĆ ZWIĄZANA Z ZAKWATEROWANIEM I USŁUGAMI GASTRONOMICZNYMI;2024;38267.71;3247.06;2146.32;1348.0;991.0;0.0848511708696444;0.7351632047477745;9305.130000000001;16093.89;0.24315878844069846;0.4205605718241306;0.05608697254160231;0.27716293774371237;0.614040946553521;0.16846713511519518;0.09525230828047881;0.0016885233700003762;3.8326669396006863;72.20908939103273;79.25492606566418;96.05554289309114;21.83587018462771;67.44920012002171;59.21373775908825;64.15501517564833;Trudna teraźniejszość, dobra przyszłość
SEK_A;;ROLNICTWO, LEŚNICTWO, ŁOWIECTWO I RYBACTWO;2024;45104.55;3949.52;1771.03;1269.0;1068.0;0.0875636715142929;0.8416075650118203;3776.5499999999997;10561.02;0.08372880341340284;0.2341453356701264;0.03926499654691156;0.09950268462474843;0.21779758215299005;0.18065519818450482;-0.008520940915648145;0.008897693718993703;3.7616236674828665;65.74442881530497;85.49327105399303;97.40526289639868;21.354733414817467;67.78332856974068;57.48680087943808;63.664717493619634;Trudna teraźniejszość, dobra przyszłość
SEK_Q;;OPIEKA ZDROWOTNA I POMOC SPOŁECZNA;2024;68199.26;3301.41;3164.74;1837.0;1514.0;0.0484082965123082;0.824169842133914;7822.0;20241.46;0.11469332658448202;0.29679882157079124;0.04640431582395469;0.1738064274504625;0.0847707058924545;0.14461780313068306;0.041722226096400084;0.009132376736808188;5.494466730885209;67.54471666910439;80.99660316786493;96.7652145716011;20.84224631670567;67.26378767689971;57.62987789889391;63.410223765697395;Trudna teraźniejszość, dobra przyszłość
SEK_N;;DZIAŁALNOŚĆ W ZAKRESIE USŁUG ADMINISTROWANIA I DZIAŁALNOŚĆ WSPIERAJĄCA;2024;119918.81;7361.48;22002.47;2280.0;1853.0;0.06138720022321769;0.8127192982456141;50321.149999999994;82860.29999999999;0.4196268291855131;0.6909699987850112;0.1834780548606178;0.17610987995403948;0.1686616886443184;0.0969825434363556;0.03240087822249649;0.009030639370547763;7.416088622600256;67.86669541269184;81.51670347077851;92.10630675975096;25.96278139993464;66.46095947331293;58.377013211706696;63.22738096867043;Trudna teraźniejszość, dobra przyszłość
SEK_M;;DZIAŁALNOŚĆ PROFESJONALNA, NAUKOWA I TECHNICZNA;2024;147221.15;11970.96;3072.94;3637.0;2900.0;0.08131277333453787;0.7973604619191641;22340.92;134224.13999999998;0.1517507504865979;0.9117177796804331;0.020872952018103377;0.1506605641921761;0.11525687387416017;0.17125139725872995;0.0455569870287551;0.003967741462905097;11.084554508745402;66.95080023197903;82.4402247831037;93.5456235433964;20.300909294399553;67.62835421853869;56.26929085037246;63.08472887127219;Branże ryzykowne / schyłkowe
SEK_R;;DZIAŁALNOŚĆ ZWIĄZANA Z KULTURĄ, ROZRYWKĄ I REKREACJĄ;2024;95848.34;1146.43;862.62;253.0;133.0;0.011960874857091944;0.525691699604743;4223.650000000001;9454.720000000001;0.04406596921762026;0.09864250126814926;0.008999842876778043;0.3194119165111067;1.1345913878430252;0.12275322933663224;0.02490643434828055;0.0029760290025339768;2.219036056981301;75.03568719498271;60.915004233401426;99.31350787277962;18.635433526756586;64.22553243032618;59.75893193103133;62.43889223060824;Trudna teraźniejszość, dobra przyszłość
SEK_S;;POZOSTAŁA DZIAŁALNOŚĆ USŁUGOWA;2024;6438.72;493.55;302.53;218.0;161.0;0.07665343422295115;0.7385321100917431;611.76;1704.55;0.09501267332637542;0.26473429501515827;0.046986046916157244;0.1196022397784966;0.29047203774303343;0.13723903040978325;0.06396164659988801;0.006912839612173232;0.6240519231168951;66.5600155303262;78.70883132198009;97.40676307347182;20.697335490445013;65.66405101974149;57.46896777731741;62.38601772277186;Trudna teraźniejszość, dobra przyszłość
SEK_J;;INFORMACJA I KOMUNIKACJA;2024;213114.46;16458.24;9374.66;2520.0;1999.0;0.07722723272742733;0.7932539682539682;54029.270000000004;120679.42;0.2535223090915558;0.5662657522159689;0.04398884993538214;0.13682066033916063;-0.09282454132688289;0.009016689443769543;0.0463073753753267;0.006290700581154163;9.559537212577665;65.91127878942926;81.84223171866063;94.49091719137502;17.58384456138083;67.19756022695051;55.15419661879362;62.38021478368776;Branże ryzykowne / schyłkowe
SEK_H;;TRANSPORT I GOSPODARKA MAGAZYNOWA;2024;292108.68;8552.93;27850.35;3650.0;2733.0;0.02927995840452259;0.7487671232876713;54315.37;144634.48;0.1859423348871386;0.4951392748753649;0.09534242529184686;0.1075780757607605;-0.02770138085971008;-0.009674493021830766;0.05869008173881651;0.01016767484699905;13.565906353011542;65.2413847527701;75.03301530594585;94.90510712885144;19.48259052667246;66.25331342393673;55.836983775155446;62.086781564424214;Branże ryzykowne / schyłkowe
SEK_L;;DZIAŁALNOŚĆ ZWIĄZANA Z OBSŁUGĄ RYNKU NIERUCHOMOŚCI;2024;59512.89;3400.06;6134.6;1870.0;1632.0;0.05713148865733121;0.8727272727272727;28750.4;60009.18;0.48309534287445965;1.0083392018098936;0.10308018985466846;0.11347195878897631;-0.012612081503162509;0.029547109303696084;0.0010718121816120085;0.001025171332994364;5.425526207490846;65.46172868488244;84.51431721027217;90.8276687459754;20.74481326233495;65.82741733907945;55.18474453419134;61.570348217124206;Branże ryzykowne / schyłkowe
SEK_D;;WYTWARZANIE I ZAOPATRYWANIE W ENERGIĘ ELEKTRYCZNĄ, GAZ, PARĘ WODNĄ, GORĄCĄ WODĘ I POWIETRZE DO UKŁADÓW KLIMATYZACYJNYCH;2024;440253.81;11544.06;26303.02;454.0;362.0;0.026221374438531262;0.7973568281938326;113669.38;211653.28;0.2581905651196977;0.4807528638991222;0.05974512747544422;0.12833556241057198;-0.15085165921002153;0.10816253030593925;0.014352409813450429;0.02625101907578375;8.519295760651449;65.4842739210814;77.4950144160677;92.2553275696318;20.601761465493777;65.1252795073071;55.562585033411466;61.30020171774885;Branże ryzykowne / schyłkowe
SEK_E;;"DOSTAWA WODY; GOSPODAROWANIE ŚCIEKAMI I ODPADAMI ORAZ DZIAŁALNOŚĆ ZWIĄZANA Z REKULTYWACJĄ";2024;64582.48;4109.82;6691.72;1604.0;1132.0;0.06363676340704165;0.7057356608478803;12120.210000000001;26609.41;0.1876702474107529;0.412022114976074;0.10361509808852185;0.0774258109120729;-0.020100097840037412;0.007414654252264619;0.025798008318796084;0.009209003004961845;4.882699276569383;64.37057118781502;75.69338178407867;95.51307370268893;20.255192772231023;64.64645020909397;56.067170576043594;61.21473835587382;Branże ryzykowne / schyłkowe
SEK_B;;GÓRNICTWO I WYDOBYWANIE;2024;84275.65;-8768.42;11832.07;278.0;225.0;-0.10404452531662468;0.8093525179856115;8220.3;33621.46;0.09754063006336942;0.3989463148608169;0.14039725590962515;0.08079454791398621;-0.784381656669285;0.24644107373010504;0.01103030146325401;0.12641768564944098;2.0823717448913674;62.15913927905551;66.47793184601774;80.39764010324139;27.476267246029657;56.695034161219;53.75754071310092;55.52003678197177;Branże ryzykowne / schyłkowe
SEK_K;;DZIAŁALNOŚĆ FINANSOWA I UBEZPIECZENIOWA;2024;91486.92;15282.33;7520.61;665.0;536.0;0.16704387905943277;0.806015037593985;195238.46;275055.78;2.1340587266463884;3.006503880554729;0.08220421017561855;0.22288690875275496;0.43568753842776564;0.17935925262733265;0.022532420959730404;0.050586016949227486;3.1188478495354355;70.06082505181385;90.62287112267191;59.61554327729305;23.27517342510479;58.67935659671644;48.212979868773985;54.492805905539456;Branże ryzykowne / schyłkowe
SEK_O;;"ADMINISTRACJA PUBLICZNA I OBRONA NARODOWA; OBOWIĄZKOWE ZABEZPIECZENIA SPOŁECZNE";2024;0.0;0.0;0.0;0.0;0.0;;;0.0;0.0;;;;;;;;;0.0;;;;;0.0;;0.0;Brak danych
SEK_T;;"GOSPODARSTWA DOMOWE ZATRUDNIAJĄCE PRACOWNIKÓW; GOSPODARSTWA DOMOWE PRODUKUJĄCE WYROBY I ŚWIADCZĄCE USŁUGI NA WŁASNE POTRZEBY";2024;0.0;0.0;0.0;0.0;0.0;;;0.0;0.0;;;;;;;;;0.0;;;;;0.0;;0.0;Brak danych
SEK_U;;ORGANIZACJE I ZESPOŁY EKSTERYTORIALNE;2024;0.0;0.0;0.0;0.0;0.0;;;0.0;0.0;;;;;;;;;0.0;;;;;0.0;;0.0;Brak danych
